Name,Description,Discovery Date,Detection Method,Mass,Planet Radius,Planet Type,Orbital Radius,Eccentricity,Orbital Period,File,Uuid,Link
11-comae-berenices-b,"11 Comae Berenices b is a gas giant exoplanet that orbits a K-type star. Its mass is 19.4 Jupiters, it takes 326 days to complete one orbit of its star, and is 1.29 AU from its star. Its discovery was announced in 2007.",2007,Radial Velocity,19.4 Jupiters,1.08 x Jupiter (estimate),Gas Giant,1.29 AU,0.23,326 days,exoplanet_details/11-comae-berenices-b/,251912b8-dfa0-4df1-8fed-642324962678,https://exoplanets.nasa.gov//exoplanet-catalog/6988/11-comae-berenices-b/
11-ursae-minoris-b,"11 Ursae Minoris b is a gas giant exoplanet that orbits a K-type star. Its mass is 14.74 Jupiters, it takes 1.4 years to complete one orbit of its star, and is 1.53 AU from its star. Its discovery was announced in 2009.",2009,Radial Velocity,14.74 Jupiters,1.09 x Jupiter (estimate),Gas Giant,1.53 AU,0.08,1.4 years,exoplanet_details/11-ursae-minoris-b/,5981b925-899a-4156-bfa7-2e9112868803,https://exoplanets.nasa.gov//exoplanet-catalog/6989/11-ursae-minoris-b/
14-andromedae-b,"14 Andromedae b is a gas giant exoplanet that orbits a K-type star. Its mass is 4.8 Jupiters, it takes 185.8 days to complete one orbit of its star, and is 0.83 AU from its star. Its discovery was announced in 2008.",2008,Radial Velocity,4.8 Jupiters,1.15 x Jupiter (estimate),Gas Giant,0.83 AU,0.0,185.8 days,exoplanet_details/14-andromedae-b/,0832996e-bbcb-43be-bcdb-e824cdd8ae5a,https://exoplanets.nasa.gov//exoplanet-catalog/6990/14-andromedae-b/
14-herculis-b,"14 Herculis b is a gas giant exoplanet that orbits a G-type star. Its mass is 4.66 Jupiters, it takes 4.9 years to complete one orbit of its star, and is 2.93 AU from its star. Its discovery was announced in 2002.",2002,Radial Velocity,4.66 Jupiters,1.15 x Jupiter (estimate),Gas Giant,2.93 AU,0.37,4.9 years,exoplanet_details/14-herculis-b/,66496f22-ac49-4233-883e-cd942a211b38,https://exoplanets.nasa.gov//exoplanet-catalog/6991/14-herculis-b/
16-cygni-b-b,"16 Cygni B b is a gas giant exoplanet that orbits a G-type star. Its mass is 1.78 Jupiters, it takes 2.2 years to complete one orbit of its star, and is 1.66 AU from its star. Its discovery was announced in 1996.",1996,Radial Velocity,1.78 Jupiters,1.2 x Jupiter (estimate),Gas Giant,1.66 AU,0.68,2.2 years,exoplanet_details/16-cygni-b-b/,758d6e43-fa10-44c0-8122-0d41a44ae960,https://exoplanets.nasa.gov//exoplanet-catalog/6992/16-cygni-b-b/
17-scorpii-b,"17 Scorpii b is a gas giant exoplanet that orbits a K-type star. Its mass is 4.32 Jupiters, it takes 1.6 years to complete one orbit of its star, and is 1.45 AU from its star. Its discovery was announced in 2020.",2020,Radial Velocity,4.32 Jupiters,1.15 x Jupiter (estimate),Gas Giant,1.45 AU,0.06,1.6 years,exoplanet_details/17-scorpii-b/,e099c3a9-9867-4b3f-8dc5-44aff58c9d3b,https://exoplanets.nasa.gov//exoplanet-catalog/8016/17-scorpii-b/
18-delphini-b,"18 Delphini b is a gas giant exoplanet that orbits a K-type star. Its mass is 10.3 Jupiters, it takes 2.7 years to complete one orbit of its star, and is 2.6 AU from its star. Its discovery was announced in 2008.",2008,Radial Velocity,10.3 Jupiters,1.11 x Jupiter (estimate),Gas Giant,2.6 AU,0.08,2.7 years,exoplanet_details/18-delphini-b/,a202c549-1a49-4396-a658-ec066af8a156,https://exoplanets.nasa.gov//exoplanet-catalog/6993/18-delphini-b/
1rxs-j1609291-210524-b,"1RXS J160929.1-210524 b is a gas giant exoplanet that orbits a K-type star. Its mass is 8 Jupiters, it takes 6505.9 years to complete one orbit of its star, and is 330 AU from its star. Its discovery was announced in 2008.",2008,Direct Imaging,8 Jupiters,1.664 x Jupiter,Gas Giant,330.0 AU,0.0,6505.9 years,exoplanet_details/1rxs-j1609291-210524-b/,2ce54b1d-ceb4-42e4-826b-bdf373103b18,https://exoplanets.nasa.gov//exoplanet-catalog/7061/1rxs-j1609291-210524-b/
24-bootis-b,"24 Bootis b is a gas giant exoplanet that orbits a K-type star. Its mass is 0.91 Jupiters, it takes 30.4 days to complete one orbit of its star, and is 0.19 AU from its star. Its discovery was announced in 2018.",2018,Radial Velocity,0.91 Jupiters,1.24 x Jupiter (estimate),Gas Giant,0.19 AU,0.04,30.4 days,exoplanet_details/24-bootis-b/,a8cc8f9c-d3d9-4fbf-9ca1-6e34f76d9790,https://exoplanets.nasa.gov//exoplanet-catalog/7274/24-bootis-b/
24-sextantis-b,"24 Sextantis b is a gas giant exoplanet that orbits a K-type star. Its mass is 1.99 Jupiters, it takes 452.8 days to complete one orbit of its star, and is 1.333 AU from its star. Its discovery was announced in 2010.",2010,Radial Velocity,1.99 Jupiters,1.19 x Jupiter (estimate),Gas Giant,1.333 AU,0.09,452.8 days,exoplanet_details/24-sextantis-b/,58638ed2-1968-42d8-a8f6-a8304354a1a7,https://exoplanets.nasa.gov//exoplanet-catalog/6994/24-sextantis-b/
24-sextantis-c,"24 Sextantis c is a gas giant exoplanet that orbits a K-type star. Its mass is 0.86 Jupiters, it takes 2.4 years to complete one orbit of its star, and is 2.08 AU from its star. Its discovery was announced in 2010.",2010,Radial Velocity,0.86 Jupiters,1.24 x Jupiter (estimate),Gas Giant,2.08 AU,0.29,2.4 years,exoplanet_details/24-sextantis-c/,c1a60fc0-6036-4ae5-803f-4c705ea1b6ab,https://exoplanets.nasa.gov//exoplanet-catalog/6995/24-sextantis-c/
2m0437-b,"2M0437 b is a gas giant exoplanet that orbits an M-type star. Its mass is 4 Jupiters, it takes 3110.6 years to complete one orbit of its star, and is 118 AU from its star. Its discovery was announced in 2021.",2021,Direct Imaging,4 Jupiters,1.16 x Jupiter (estimate),Gas Giant,118.0 AU,0.0,3110.6 years,exoplanet_details/2m0437-b/,e6876e68-89c2-4f02-9ee9-7f70a4aaca4b,https://exoplanets.nasa.gov//exoplanet-catalog/8407/2m0437-b/
2mass-j01033563-5515561-ab-b,"2MASS J01033563-5515561 AB b is a gas giant exoplanet that orbits an unknown-type star. Its mass is 13 Jupiters, it takes 1767.2 years to complete one orbit of its star, and is 84 AU from its star. Its discovery was announced in 2013.",2013,Direct Imaging,13 Jupiters,1.1 x Jupiter (estimate),Gas Giant,84.0 AU,0.0,1767.2 years,exoplanet_details/2mass-j01033563-5515561-ab-b/,1e708056-aeaa-409a-adff-7f668e192075,https://exoplanets.nasa.gov//exoplanet-catalog/7671/2mass-j01033563-5515561-ab-b/
2mass-j01225093-2439505-b,"2MASS J01225093-2439505 b is a gas giant exoplanet that orbits an M-type star. Its mass is 24.5 Jupiters, it takes 593.2 years to complete one orbit of its star, and is 52 AU from its star. Its discovery was announced in 2013.",2013,Direct Imaging,24.5 Jupiters,1.0 x Jupiter,Gas Giant,52.0 AU,0.0,593.2 years,exoplanet_details/2mass-j01225093-2439505-b/,3a83bf18-32a6-4c74-bad1-d8cbb4720064,https://exoplanets.nasa.gov//exoplanet-catalog/7062/2mass-j01225093-2439505-b/
2mass-j02192210-3925225-b,"2MASS J02192210-3925225 b is a gas giant exoplanet that orbits an M-type star. Its mass is 13.9 Jupiters, it takes 5878.1 years to complete one orbit of its star, and is 156 AU from its star. Its discovery was announced in 2015.",2015,Direct Imaging,13.9 Jupiters,1.44 x Jupiter,Gas Giant,156.0 AU,0.0,5878.1 years,exoplanet_details/2mass-j02192210-3925225-b/,b240f6d4-62b0-4de7-ba67-c4457205d1a2,https://exoplanets.nasa.gov//exoplanet-catalog/7063/2mass-j02192210-3925225-b/
2mass-j044144892301513-b,"2MASS J04414489+2301513 b is a gas giant exoplanet that orbits an M-type star. Its mass is 7.5 Jupiters, it takes 411 years to complete one orbit of its star, and is 15 AU from its star. Its discovery was announced in 2010.",2010,Direct Imaging,7.5 Jupiters,1.13 x Jupiter (estimate),Gas Giant,15.0 AU,0.0,411 years,exoplanet_details/2mass-j044144892301513-b/,853fd96a-60cb-4f08-ad91-67f6a8524cb6,https://exoplanets.nasa.gov//exoplanet-catalog/7064/2mass-j044144892301513-b/
2mass-j12073346-3932539-b,"2MASS J12073346-3932539 b is a gas giant exoplanet that orbits an M-type star. Its mass is 5 Jupiters, it takes 2885.9 years to complete one orbit of its star, and is 55 AU from its star. Its discovery was announced in 2004.",2004,Direct Imaging,5 Jupiters,1.15 x Jupiter (estimate),Gas Giant,55.0 AU,0.0,2885.9 years,exoplanet_details/2mass-j12073346-3932539-b/,2a7e3b01-8398-4299-b2f7-6f71e0634f4b,https://exoplanets.nasa.gov//exoplanet-catalog/7065/2mass-j12073346-3932539-b/
2mass-j193832604603591-b,"2MASS J19383260+4603591 b is a gas giant exoplanet that orbits a B-type star. Its mass is 1.9 Jupiters, it takes 416 days to complete one orbit of its star, and is 0.92 AU from its star. Its discovery was announced in 2015.",2015,Eclipse Timing Variations,1.9 Jupiters,1.2 x Jupiter (estimate),Gas Giant,0.92 AU,0.0,416 days,exoplanet_details/2mass-j193832604603591-b/,64ade86d-3bce-4356-8cd6-cad043fb56f2,https://exoplanets.nasa.gov//exoplanet-catalog/7108/2mass-j193832604603591-b/
2mass-j214029311625183-a-b,2MASS J21402931+1625183 A b is a gas giant exoplanet that orbits an M-type star. Its mass is 20.95 Jupiters and it takes 20.1 years to complete one orbit of its star. Its discovery was announced in 2009.,2009,Direct Imaging,20.95 Jupiters,0.92 x Jupiter,Gas Giant,Unknown,0.26,20.1 years,exoplanet_details/2mass-j214029311625183-a-b/,157a99b4-a06f-4dd3-9ba2-5c6f01564235,https://exoplanets.nasa.gov//exoplanet-catalog/7066/2mass-j214029311625183-a-b/
2mass-j223624524751425-b,"2MASS J22362452+4751425 b is a gas giant exoplanet that orbits a K-type star. Its mass is 12.5 Jupiters, it takes 4505.7 years to complete one orbit of its star, and is 230 AU from its star. Its discovery was announced in 2016.",2016,Direct Imaging,12.5 Jupiters,1.1 x Jupiter (estimate),Gas Giant,230.0 AU,0.0,4505.7 years,exoplanet_details/2mass-j223624524751425-b/,9b1320fa-014f-43b4-bb3e-81065e4b6d91,https://exoplanets.nasa.gov//exoplanet-catalog/7239/2mass-j223624524751425-b/
30-arietis-b-b,"30 Arietis B b is a gas giant exoplanet that orbits an F-type star. Its mass is 13.82 Jupiters, it takes 335.1 days to complete one orbit of its star, and is 0.99 AU from its star. Its discovery was announced in 2009.",2009,Radial Velocity,13.82 Jupiters,1.1 x Jupiter (estimate),Gas Giant,0.99 AU,0.29,335.1 days,exoplanet_details/30-arietis-b-b/,beb3b9dd-179f-437c-bbd3-e67254379639,https://exoplanets.nasa.gov//exoplanet-catalog/6996/30-arietis-b-b/
42-draconis-b,"42 Draconis b is a gas giant exoplanet that orbits a K-type star. Its mass is 3.88 Jupiters, it takes 479.1 days to complete one orbit of its star, and is 1.19 AU from its star. Its discovery was announced in 2008.",2008,Radial Velocity,3.88 Jupiters,1.16 x Jupiter (estimate),Gas Giant,1.19 AU,0.38,479.1 days,exoplanet_details/42-draconis-b/,ef771608-85ff-4e88-9a8f-d96b0a35e592,https://exoplanets.nasa.gov//exoplanet-catalog/6997/42-draconis-b/
47-ursae-majoris-b,"47 Ursae Majoris b is a gas giant exoplanet that orbits a G-type star. Its mass is 2.53 Jupiters, it takes 3 years to complete one orbit of its star, and is 2.1 AU from its star. Its discovery was announced in 1996.",1996,Radial Velocity,2.53 Jupiters,1.18 x Jupiter (estimate),Gas Giant,2.1 AU,0.03,3 years,exoplanet_details/47-ursae-majoris-b/,98cbc5d1-2657-48a3-9e2c-aeb0d6733d5e,https://exoplanets.nasa.gov//exoplanet-catalog/6998/47-ursae-majoris-b/
47-ursae-majoris-c,"47 Ursae Majoris c is a gas giant exoplanet that orbits a G-type star. Its mass is 0.54 Jupiters, it takes 6.6 years to complete one orbit of its star, and is 3.6 AU from its star. Its discovery was announced in 2001.",2001,Radial Velocity,0.54 Jupiters,1.27 x Jupiter (estimate),Gas Giant,3.6 AU,0.1,6.6 years,exoplanet_details/47-ursae-majoris-c/,729fc076-4af0-4c9a-8a1d-8f7c7f1496f4,https://exoplanets.nasa.gov//exoplanet-catalog/6999/47-ursae-majoris-c/
47-ursae-majoris-d,"47 Ursae Majoris d is a gas giant exoplanet that orbits a G-type star. Its mass is 1.64 Jupiters, it takes 38.4 years to complete one orbit of its star, and is 11.6 AU from its star. Its discovery was announced in 2009.",2009,Radial Velocity,1.64 Jupiters,1.2 x Jupiter (estimate),Gas Giant,11.6 AU,0.16,38.4 years,exoplanet_details/47-ursae-majoris-d/,5ceaad2a-f854-4cf7-98ad-7d1e531f0369,https://exoplanets.nasa.gov//exoplanet-catalog/7000/47-ursae-majoris-d/
4-ursae-majoris-b,"4 Ursae Majoris b is a gas giant exoplanet that orbits a K-type star. Its mass is 7.1 Jupiters, it takes 269.3 days to complete one orbit of its star, and is 0.87 AU from its star. Its discovery was announced in 2006.",2006,Radial Velocity,7.1 Jupiters,1.13 x Jupiter (estimate),Gas Giant,0.87 AU,0.43,269.3 days,exoplanet_details/4-ursae-majoris-b/,dc04de84-08a2-4a17-8abc-9497916da702,https://exoplanets.nasa.gov//exoplanet-catalog/6985/4-ursae-majoris-b/
51-eridani-b,"51 Eridani b is a gas giant exoplanet that orbits an F-type star. Its mass is 2 Jupiters, it takes 32 years to complete one orbit of its star, and is 13.2 AU from its star. Its discovery was announced in 2015.",2015,Direct Imaging,2 Jupiters,1.19 x Jupiter (estimate),Gas Giant,13.2 AU,0.45,32 years,exoplanet_details/51-eridani-b/,a7fd325f-5362-420e-9a8a-3ec977bf3c18,https://exoplanets.nasa.gov//exoplanet-catalog/7109/51-eridani-b/
51-pegasi-b,"51 Pegasi b is a gas giant exoplanet that orbits a G-type star. Its mass is 0.46 Jupiters, it takes 4.2 days to complete one orbit of its star, and is 0.0527 AU from its star. Its discovery was announced in 1995.",1995,Radial Velocity,0.46 Jupiters,1.27 x Jupiter (estimate),Gas Giant,0.0527 AU,0.01,4.2 days,exoplanet_details/51-pegasi-b/,e57276c6-d1b9-492f-aff2-cf36ebcb421e,https://exoplanets.nasa.gov//exoplanet-catalog/7001/51-pegasi-b/
55-cancri-b,"55 Cancri b is a gas giant exoplanet that orbits a K-type star. Its mass is 0.8306 Jupiters, it takes 14.7 days to complete one orbit of its star, and is 0.1134 AU from its star. Its discovery was announced in 1996.",1996,Radial Velocity,0.8306 Jupiters,1.24 x Jupiter (estimate),Gas Giant,0.1134 AU,0.0,14.7 days,exoplanet_details/55-cancri-b/,ef1d32f1-cbd6-4213-8224-82e09d1f8d3a,https://exoplanets.nasa.gov//exoplanet-catalog/7002/55-cancri-b/
55-cancri-c,"55 Cancri c is a gas giant exoplanet that orbits a K-type star. Its mass is 0.1714 Jupiters, it takes 44.4 days to complete one orbit of its star, and is 0.2373 AU from its star. Its discovery was announced in 2004.",2004,Radial Velocity,0.1714 Jupiters,0.76 x Jupiter (estimate),Gas Giant,0.2373 AU,0.03,44.4 days,exoplanet_details/55-cancri-c/,3ec706e3-ff1d-4231-88f3-62a9c0cbd1fd,https://exoplanets.nasa.gov//exoplanet-catalog/7003/55-cancri-c/
55-cancri-d,"55 Cancri d is a gas giant exoplanet that orbits a K-type star. Its mass is 3.878 Jupiters, it takes 15.3 years to complete one orbit of its star, and is 5.957 AU from its star. Its discovery was announced in 2002.",2002,Radial Velocity,3.878 Jupiters,1.16 x Jupiter (estimate),Gas Giant,5.957 AU,0.13,15.3 years,exoplanet_details/55-cancri-d/,67a99111-7bb4-4310-8f80-2839bec543c4,https://exoplanets.nasa.gov//exoplanet-catalog/7004/55-cancri-d/
55-cancri-e,,2004,Radial Velocity,7.99 Earths,1.875 x Earth,Super Earth,0.01544 AU,0.05,0.7 days,exoplanet_details/55-cancri-e/,d88356fe-6055-4d2c-9d07-f6df600a6a1a,https://exoplanets.nasa.gov//exoplanet-catalog/7005/55-cancri-e/
55-cancri-f,"55 Cancri f is a gas giant exoplanet that orbits a K-type star. Its mass is 0.141 Jupiters, it takes 259.9 days to complete one orbit of its star, and is 0.7708 AU from its star. Its discovery was announced in 2007.",2007,Radial Velocity,0.141 Jupiters,0.677 x Jupiter (estimate),Gas Giant,0.7708 AU,0.08,259.9 days,exoplanet_details/55-cancri-f/,309f68dd-6040-47f8-aad2-2a597d022f70,https://exoplanets.nasa.gov//exoplanet-catalog/7006/55-cancri-f/
61-virginis-b,"61 Virginis b is a Neptune-like exoplanet that orbits a G-type star. Its mass is 5.1 Earths, it takes 4.2 days to complete one orbit of its star, and is 0.050201 AU from its star. Its discovery was announced in 2009.",2009,Radial Velocity,5.1 Earths,2.11 x Earth (estimate),Neptune-like,0.050201 AU,0.12,4.2 days,exoplanet_details/61-virginis-b/,72af13b0-e848-47aa-aadf-1ba20324dca5,https://exoplanets.nasa.gov//exoplanet-catalog/7007/61-virginis-b/
61-virginis-c,"61 Virginis c is a Neptune-like exoplanet that orbits a G-type star. Its mass is 18.2 Earths, it takes 38 days to complete one orbit of its star, and is 0.2175 AU from its star. Its discovery was announced in 2009.",2009,Radial Velocity,18.2 Earths,0.398 x Jupiter (estimate),Neptune-like,0.2175 AU,0.14,38 days,exoplanet_details/61-virginis-c/,dc55627d-f91c-4233-b68a-a9b20040e400,https://exoplanets.nasa.gov//exoplanet-catalog/7008/61-virginis-c/
61-virginis-d,"61 Virginis d is a Neptune-like exoplanet that orbits a G-type star. Its mass is 22.9 Earths, it takes 123 days to complete one orbit of its star, and is 0.476 AU from its star. Its discovery was announced in 2009.",2009,Radial Velocity,22.9 Earths,0.456 x Jupiter (estimate),Neptune-like,0.476 AU,0.35,123 days,exoplanet_details/61-virginis-d/,54d436e5-8c4b-4efb-aed1-db2276714f67,https://exoplanets.nasa.gov//exoplanet-catalog/7009/61-virginis-d/
6-lyncis-b,"6 Lyncis b is a gas giant exoplanet that orbits a K-type star. Its mass is 2.01 Jupiters, it takes 2.6 years to complete one orbit of its star, and is 2.11 AU from its star. Its discovery was announced in 2008.",2008,Radial Velocity,2.01 Jupiters,1.19 x Jupiter (estimate),Gas Giant,2.11 AU,0.07,2.6 years,exoplanet_details/6-lyncis-b/,6fc269f3-cc63-4363-8623-c5209e05d0d1,https://exoplanets.nasa.gov//exoplanet-catalog/6986/6-lyncis-b/
70-virginis-b,"70 Virginis b is a gas giant exoplanet that orbits a G-type star. Its mass is 7.49 Jupiters, it takes 116.7 days to complete one orbit of its star, and is 0.481 AU from its star. Its discovery was announced in 1996.",1996,Radial Velocity,7.49 Jupiters,1.13 x Jupiter (estimate),Gas Giant,0.481 AU,0.4,116.7 days,exoplanet_details/70-virginis-b/,cd427308-046b-43c4-9439-ac459dfbdcca,https://exoplanets.nasa.gov//exoplanet-catalog/7010/70-virginis-b/
75-ceti-b,"75 Ceti b is a gas giant exoplanet that orbits a K-type star. Its mass is 3 Jupiters, it takes 1.9 years to complete one orbit of its star, and is 2.1 AU from its star. Its discovery was announced in 2012.",2012,Radial Velocity,3 Jupiters,1.17 x Jupiter (estimate),Gas Giant,2.1 AU,0.12,1.9 years,exoplanet_details/75-ceti-b/,854e8de9-954a-4898-afbd-01240c3243e1,https://exoplanets.nasa.gov//exoplanet-catalog/7011/75-ceti-b/
7-canis-majoris-b,"7 Canis Majoris b is a gas giant exoplanet that orbits a K-type star. Its mass is 1.85 Jupiters, it takes 2 years to complete one orbit of its star, and is 1.758 AU from its star. Its discovery was announced in 2011.",2011,Radial Velocity,1.85 Jupiters,1.2 x Jupiter (estimate),Gas Giant,1.758 AU,0.06,2 years,exoplanet_details/7-canis-majoris-b/,228d583a-145a-4484-a602-1bdcb9ff177d,https://exoplanets.nasa.gov//exoplanet-catalog/6987/7-canis-majoris-b/
7-canis-majoris-c,"7 Canis Majoris c is a gas giant exoplanet that orbits a K-type star. Its mass is 0.87 Jupiters, it takes 2.7 years to complete one orbit of its star, and is 2.153 AU from its star. Its discovery was announced in 2019.",2019,Radial Velocity,0.87 Jupiters,1.24 x Jupiter (estimate),Gas Giant,2.153 AU,0.08,2.7 years,exoplanet_details/7-canis-majoris-c/,5db966a3-77bc-4557-b5d2-25e03f315258,https://exoplanets.nasa.gov//exoplanet-catalog/7505/7-canis-majoris-c/
81-ceti-b,"81 Ceti b is a gas giant exoplanet that orbits a K-type star. Its mass is 5.3 Jupiters, it takes 2.6 years to complete one orbit of its star, and is 2.5 AU from its star. Its discovery was announced in 2008.",2008,Radial Velocity,5.3 Jupiters,1.14 x Jupiter (estimate),Gas Giant,2.5 AU,0.21,2.6 years,exoplanet_details/81-ceti-b/,f0c96961-ba99-46bd-af14-50ecbd326f25,https://exoplanets.nasa.gov//exoplanet-catalog/7012/81-ceti-b/
8-ursae-minoris-b,"8 Ursae Minoris b is a gas giant exoplanet that orbits a K-type star. Its mass is 1.31 Jupiters, it takes 93.4 days to complete one orbit of its star, and is 0.49 AU from its star. Its discovery was announced in 2015.",2015,Radial Velocity,1.31 Jupiters,1.22 x Jupiter (estimate),Gas Giant,0.49 AU,0.06,93.4 days,exoplanet_details/8-ursae-minoris-b/,55100cfa-02bf-4d20-9400-e3d68811d976,https://exoplanets.nasa.gov//exoplanet-catalog/7100/8-ursae-minoris-b/
91-aquarii-b,"91 Aquarii b is a gas giant exoplanet that orbits a K-type star. Its mass is 3.2 Jupiters, it takes 181.4 days to complete one orbit of its star, and is 0.7 AU from its star. Its discovery was announced in 2013.",2013,Radial Velocity,3.2 Jupiters,1.17 x Jupiter (estimate),Gas Giant,0.7 AU,0.03,181.4 days,exoplanet_details/91-aquarii-b/,49404dbb-9ca6-41ee-875b-7c1bf465c99e,https://exoplanets.nasa.gov//exoplanet-catalog/7013/91-aquarii-b/
ab-pictoris-b,"AB Pictoris b is a gas giant exoplanet that orbits a K-type star. Its mass is 13.5 Jupiters, it takes 4421.7 years to complete one orbit of its star, and is 260 AU from its star. Its discovery was announced in 2005.",2005,Direct Imaging,13.5 Jupiters,1.1 x Jupiter (estimate),Gas Giant,260.0 AU,0.0,4421.7 years,exoplanet_details/ab-pictoris-b/,16174c18-cbea-4266-9b81-75e3636b6c9a,https://exoplanets.nasa.gov//exoplanet-catalog/7014/ab-pictoris-b/
alpha-arietis-b,"Alpha Arietis b is a gas giant exoplanet that orbits a K-type star. Its mass is 1.8 Jupiters, it takes 380.8 days to complete one orbit of its star, and is 1.2 AU from its star. Its discovery was announced in 2010.",2010,Radial Velocity,1.8 Jupiters,1.2 x Jupiter (estimate),Gas Giant,1.2 AU,0.25,380.8 days,exoplanet_details/alpha-arietis-b/,5c5a2c99-26ee-4c9a-b4f4-f926904224e3,https://exoplanets.nasa.gov//exoplanet-catalog/7038/alpha-arietis-b/
alpha-tauri-b,"Alpha Tauri b is a gas giant exoplanet that orbits a K-type star. Its mass is 6.47 Jupiters, it takes 1.7 years to complete one orbit of its star, and is 1.46 AU from its star. Its discovery was announced in 2015.",2015,Radial Velocity,6.47 Jupiters,1.13 x Jupiter (estimate),Gas Giant,1.46 AU,0.1,1.7 years,exoplanet_details/alpha-tauri-b/,7c41e2d2-a3a0-4dad-a21f-a8a5e4197fbe,https://exoplanets.nasa.gov//exoplanet-catalog/7107/alpha-tauri-b/
au-microscopii-b,,2020,Transit,17 Earths,0.363 x Jupiter,Neptune-like,0.0645 AU,0.0,8.5 days,exoplanet_details/au-microscopii-b/,90b1f23c-3261-40a7-a9a6-76cc005b7d79,https://exoplanets.nasa.gov//exoplanet-catalog/7635/au-microscopii-b/
au-microscopii-c,"AU Microscopii c is a Neptune-like exoplanet that orbits an M-type star. Its mass is 13.6 Earths, it takes 18.9 days to complete one orbit of its star, and is 0.1101 AU from its star. Its discovery was announced in 2021.",2021,Transit,13.6 Earths,0.289 x Jupiter,Neptune-like,0.1101 AU,0.0,18.9 days,exoplanet_details/au-microscopii-c/,a411b473-f6f8-4051-b3ff-f006fae3cbc6,https://exoplanets.nasa.gov//exoplanet-catalog/7939/au-microscopii-c/
b-centauri-ab-b,"b Centauri AB b is a gas giant exoplanet that orbits an unknown-type star. Its mass is 10.9 Jupiters, it takes 4904.1 years to complete one orbit of its star, and is 556 AU from its star. Its discovery was announced in 2021.",2021,Direct Imaging,10.9 Jupiters,1.11 x Jupiter (estimate),Gas Giant,556.0 AU,< 0.4,4904.1 years,exoplanet_details/b-centauri-ab-b/,8de40e6a-7115-493c-929a-f9124dc87fbc,https://exoplanets.nasa.gov//exoplanet-catalog/8381/b-centauri-ab-b/
bd-00-4475-b,"BD-00 4475 b is a gas giant exoplanet that orbits a K-type star. Its mass is 25.05 Jupiters, it takes 2 years to complete one orbit of its star, and is 1.48 AU from its star. Its discovery was announced in 2021.",2021,Radial Velocity,25.05 Jupiters,1.07 x Jupiter (estimate),Gas Giant,1.48 AU,0.39,2 years,exoplanet_details/bd-00-4475-b/,f822f6c5-009f-4c29-92cc-e1db5ee27cb2,https://exoplanets.nasa.gov//exoplanet-catalog/7871/bd-00-4475-b/
bd03-2562-b,"BD+03 2562 b is a gas giant exoplanet that orbits a K-type star. Its mass is 6.4 Jupiters, it takes 481.9 days to complete one orbit of its star, and is 1.3 AU from its star. Its discovery was announced in 2017.",2017,Radial Velocity,6.4 Jupiters,1.13 x Jupiter (estimate),Gas Giant,1.3 AU,0.2,481.9 days,exoplanet_details/bd03-2562-b/,4ed3d3f4-036d-4f75-b832-96d0badb18e9,https://exoplanets.nasa.gov//exoplanet-catalog/7176/bd03-2562-b/
bd-06-1339-b,"BD-06 1339 b is a Neptune-like exoplanet that orbits a K-type star. Its mass is 8.5 Earths, it takes 3.9 days to complete one orbit of its star, and is 0.0428 AU from its star. Its discovery was announced in 2013.",2013,Radial Velocity,8.5 Earths,0.254 x Jupiter (estimate),Neptune-like,0.0428 AU,0.0,3.9 days,exoplanet_details/bd-06-1339-b/,b90fa5d7-7da0-4791-93fc-21cba9175b9d,https://exoplanets.nasa.gov//exoplanet-catalog/7073/bd-06-1339-b/
bd-06-1339-c,"BD-06 1339 c is a gas giant exoplanet that orbits a K-type star. Its mass is 0.17 Jupiters, it takes 125.9 days to complete one orbit of its star, and is 0.435 AU from its star. Its discovery was announced in 2013.",2013,Radial Velocity,0.17 Jupiters,0.747 x Jupiter (estimate),Gas Giant,0.435 AU,0.31,125.9 days,exoplanet_details/bd-06-1339-c/,464f1387-0e3b-46d5-9f99-dca5f281e8ed,https://exoplanets.nasa.gov//exoplanet-catalog/7074/bd-06-1339-c/
bd-08-2823-b,"BD-08 2823 b is a Neptune-like exoplanet that orbits a K-type star. Its mass is 12.7132 Earths, it takes 5.6 days to complete one orbit of its star, and is 0.06 AU from its star. Its discovery was announced in 2009.",2009,Radial Velocity,12.7132 Earths,0.322 x Jupiter (estimate),Neptune-like,0.06 AU,0.15,5.6 days,exoplanet_details/bd-08-2823-b/,937afcd4-665d-42eb-90db-c49acd0cfed5,https://exoplanets.nasa.gov//exoplanet-catalog/7071/bd-08-2823-b/
bd-08-2823-c,"BD-08 2823 c is a gas giant exoplanet that orbits a K-type star. Its mass is 0.33 Jupiters, it takes 237.6 days to complete one orbit of its star, and is 0.68 AU from its star. Its discovery was announced in 2009.",2009,Radial Velocity,0.33 Jupiters,1.11 x Jupiter (estimate),Gas Giant,0.68 AU,0.19,237.6 days,exoplanet_details/bd-08-2823-c/,6abcdfb5-fcc1-4b6c-8d63-7cb1fc27d68a,https://exoplanets.nasa.gov//exoplanet-catalog/7072/bd-08-2823-c/
bd-10-3166-b,"BD-10 3166 b is a gas giant exoplanet that orbits a G-type star. Its mass is 0.59 Jupiters, it takes 3.5 days to complete one orbit of its star, and is 0.04 AU from its star. Its discovery was announced in 2000.",2000,Radial Velocity,0.59 Jupiters,1.26 x Jupiter (estimate),Gas Giant,0.04 AU,0.02,3.5 days,exoplanet_details/bd-10-3166-b/,aceb069d-fd44-4424-8f36-0d2a9c61333f,https://exoplanets.nasa.gov//exoplanet-catalog/7070/bd-10-3166-b/
bd-11-4672-b,"BD-11 4672 b is a gas giant exoplanet that orbits a K-type star. Its mass is 0.65 Jupiters, it takes 4.5 years to complete one orbit of its star, and is 2.36 AU from its star. Its discovery was announced in 2014.",2014,Radial Velocity,0.65 Jupiters,1.25 x Jupiter (estimate),Gas Giant,2.36 AU,0.05,4.5 years,exoplanet_details/bd-11-4672-b/,2762b56d-a88c-433b-b4f6-f486960087c4,https://exoplanets.nasa.gov//exoplanet-catalog/7069/bd-11-4672-b/
bd-11-4672-c,"BD-11 4672 c is a Neptune-like exoplanet that orbits a K-type star. Its mass is 15.37 Earths, it takes 74.2 days to complete one orbit of its star, and is 0.3 AU from its star. Its discovery was announced in 2020.",2020,Radial Velocity,15.37 Earths,0.36 x Jupiter (estimate),Neptune-like,0.3 AU,0.4,74.2 days,exoplanet_details/bd-11-4672-c/,dd3ab5fb-629c-4d03-82ab-1bfec0886ec6,https://exoplanets.nasa.gov//exoplanet-catalog/7664/bd-11-4672-c/
bd-13-2130-b,"BD-13 2130 b is a gas giant exoplanet that orbits a K-type star. Its mass is 9.78 Jupiters, it takes 2 years to complete one orbit of its star, and is 1.66 AU from its star. Its discovery was announced in 2007.",2007,Radial Velocity,9.78 Jupiters,1.11 x Jupiter (estimate),Gas Giant,1.66 AU,0.21,2 years,exoplanet_details/bd-13-2130-b/,832ba8b3-b2d2-4586-8e8a-8e23929e9890,https://exoplanets.nasa.gov//exoplanet-catalog/7068/bd-13-2130-b/
bd14-4559-b,"BD+14 4559 b is a gas giant exoplanet that orbits a K-type star. Its mass is 1.04 Jupiters, it takes 268.9 days to complete one orbit of its star, and is 0.78 AU from its star. Its discovery was announced in 2009.",2009,Radial Velocity,1.04 Jupiters,1.23 x Jupiter (estimate),Gas Giant,0.78 AU,0.29,268.9 days,exoplanet_details/bd14-4559-b/,a354d630-95c9-42f5-a551-2e921ac769de,https://exoplanets.nasa.gov//exoplanet-catalog/7075/bd14-4559-b/
bd15-2375-b,"BD+15 2375 b is a gas giant exoplanet that orbits a K-type star. Its mass is 1.061 Jupiters, it takes 153.2 days to complete one orbit of its star, and is 0.576 AU from its star. Its discovery was announced in 2016.",2016,Radial Velocity,1.061 Jupiters,1.23 x Jupiter (estimate),Gas Giant,0.576 AU,0.0,153.2 days,exoplanet_details/bd15-2375-b/,c68ead3a-2042-4967-9bfe-7cb5ef6753d3,https://exoplanets.nasa.gov//exoplanet-catalog/7025/bd15-2375-b/
bd15-2940-b,"BD+15 2940 b is a gas giant exoplanet that orbits a K-type star. Its mass is 1.11 Jupiters, it takes 137.5 days to complete one orbit of its star, and is 0.539 AU from its star. Its discovery was announced in 2013.",2013,Radial Velocity,1.11 Jupiters,1.23 x Jupiter (estimate),Gas Giant,0.539 AU,0.26,137.5 days,exoplanet_details/bd15-2940-b/,ec65c4f7-dc9c-4b6a-a875-c9f1b4f2bc6f,https://exoplanets.nasa.gov//exoplanet-catalog/7076/bd15-2940-b/
bd-17-63-b,"BD-17 63 b is a gas giant exoplanet that orbits a K-type star. Its mass is 5.1 Jupiters, it takes 1.8 years to complete one orbit of its star, and is 1.34 AU from its star. Its discovery was announced in 2008.",2008,Radial Velocity,5.1 Jupiters,1.15 x Jupiter (estimate),Gas Giant,1.34 AU,0.54,1.8 years,exoplanet_details/bd-17-63-b/,1125f6b3-0f14-414c-b60d-a410824d529a,https://exoplanets.nasa.gov//exoplanet-catalog/7067/bd-17-63-b/
bd20-2457-b,"BD+20 2457 b is a gas giant exoplanet that orbits a K-type star. Its mass is 55.59 Jupiters, it takes 379.6 days to complete one orbit of its star, and is 1.05 AU from its star. Its discovery was announced in 2009.",2009,Radial Velocity,55.59 Jupiters,1.03 x Jupiter (estimate),Gas Giant,1.05 AU,0.15,379.6 days,exoplanet_details/bd20-2457-b/,aa6eeb36-53a0-4e5b-8c1c-e451c22afa67,https://exoplanets.nasa.gov//exoplanet-catalog/7078/bd20-2457-b/
bd20-2457-c,"BD+20 2457 c is a gas giant exoplanet that orbits a K-type star. Its mass is 12.47 Jupiters, it takes 1.7 years to complete one orbit of its star, and is 2.01 AU from its star. Its discovery was announced in 2009.",2009,Radial Velocity,12.47 Jupiters,1.1 x Jupiter (estimate),Gas Giant,2.01 AU,0.18,1.7 years,exoplanet_details/bd20-2457-c/,6a21aeb3-d982-43f1-aa5c-415003b180b4,https://exoplanets.nasa.gov//exoplanet-catalog/7079/bd20-2457-c/
bd20-274-b,"BD+20 274 b is a gas giant exoplanet that orbits a K-type star. Its mass is 4.2 Jupiters, it takes 1.6 years to complete one orbit of its star, and is 1.3 AU from its star. Its discovery was announced in 2012.",2012,Radial Velocity,4.2 Jupiters,1.16 x Jupiter (estimate),Gas Giant,1.3 AU,0.21,1.6 years,exoplanet_details/bd20-274-b/,bd8b1ff5-4816-4626-bca1-b91fb7ba9610,https://exoplanets.nasa.gov//exoplanet-catalog/7077/bd20-274-b/
bd20-594-b,"BD+20 594 b is a Neptune-like exoplanet that orbits a G-type star. Its mass is 22.2481 Earths, it takes 41.7 days to complete one orbit of its star, and is 0.241 AU from its star. Its discovery was announced in 2016.",2016,Transit,22.2481 Earths,0.23 x Jupiter,Neptune-like,0.241 AU,0.0,41.7 days,exoplanet_details/bd20-594-b/,8800d393-cda4-431b-bec8-9b84199b73b6,https://exoplanets.nasa.gov//exoplanet-catalog/7166/bd20-594-b/
bd45-564-b,"BD+45 564 b is a gas giant exoplanet that orbits a K-type star. Its mass is 1.36 Jupiters, it takes 307.9 days to complete one orbit of its star, and is 0.83 AU from its star. Its discovery was announced in 2021.",2021,Radial Velocity,1.36 Jupiters,1.21 x Jupiter (estimate),Gas Giant,0.83 AU,0.12,307.9 days,exoplanet_details/bd45-564-b/,702018ff-3048-4f3f-bf3f-61cc8565653c,https://exoplanets.nasa.gov//exoplanet-catalog/7868/bd45-564-b/
bd48-738-b,"BD+48 738 b is a gas giant exoplanet that orbits a K-type star. Its mass is 0.91 Jupiters, it takes 392.6 days to complete one orbit of its star, and is 1 AU from its star. Its discovery was announced in 2011.",2011,Radial Velocity,0.91 Jupiters,1.24 x Jupiter (estimate),Gas Giant,1.0 AU,0.2,392.6 days,exoplanet_details/bd48-738-b/,40601c0c-bcd5-4529-8a47-21a2b6be037e,https://exoplanets.nasa.gov//exoplanet-catalog/6565/bd48-738-b/
bd48-740-b,"BD+48 740 b is a gas giant exoplanet that orbits a K-type star. Its mass is 1.7 Jupiters, it takes 2 years to complete one orbit of its star, and is 1.7 AU from its star. Its discovery was announced in 2018.",2018,Radial Velocity,1.7 Jupiters,1.2 x Jupiter (estimate),Gas Giant,1.7 AU,0.76,2 years,exoplanet_details/bd48-740-b/,a0438bb6-4dd8-4324-b1c4-93fd443ae875,https://exoplanets.nasa.gov//exoplanet-catalog/7198/bd48-740-b/
bd49-828-b,"BD+49 828 b is a gas giant exoplanet that orbits a K-type star. Its mass is 1.6 Jupiters, it takes 7.1 years to complete one orbit of its star, and is 4.2 AU from its star. Its discovery was announced in 2015.",2015,Radial Velocity,1.6 Jupiters,1.21 x Jupiter (estimate),Gas Giant,4.2 AU,0.35,7.1 years,exoplanet_details/bd49-828-b/,7082bcf7-1f99-47be-b49b-0d008f3bff42,https://exoplanets.nasa.gov//exoplanet-catalog/6566/bd49-828-b/
bd55-362-b,"BD+55 362 b is a gas giant exoplanet that orbits a K-type star. Its mass is 0.72 Jupiters, it takes 265.6 days to complete one orbit of its star, and is 0.78 AU from its star. Its discovery was announced in 2021.",2021,Radial Velocity,0.72 Jupiters,1.25 x Jupiter (estimate),Gas Giant,0.78 AU,0.27,265.6 days,exoplanet_details/bd55-362-b/,d5e0f8e0-6fa2-46bb-9f4b-c2d29c6d1bd3,https://exoplanets.nasa.gov//exoplanet-catalog/7873/bd55-362-b/
bd60-1417-b,"BD+60 1417 b is a gas giant exoplanet that orbits a K-type star. Its mass is 15 Jupiters, it takes 67794.6 years to complete one orbit of its star, and is 1662 AU from its star. Its discovery was announced in 2021.",2021,Direct Imaging,15 Jupiters,1.31 x Jupiter,Gas Giant,1662.0 AU,0.0,67794.6 years,exoplanet_details/bd60-1417-b/,a42a78dc-81c1-4e98-8a4f-92f783c706f2,https://exoplanets.nasa.gov//exoplanet-catalog/8360/bd60-1417-b/
bd63-1405-b,"BD+63 1405 b is a gas giant exoplanet that orbits a K-type star. Its mass is 3.96 Jupiters, it takes 3.3 years to complete one orbit of its star, and is 2.06 AU from its star. Its discovery was announced in 2021.",2021,Radial Velocity,3.96 Jupiters,1.16 x Jupiter (estimate),Gas Giant,2.06 AU,0.88,3.3 years,exoplanet_details/bd63-1405-b/,7ab3a009-f065-4f6e-91bb-9aa63ea7a904,https://exoplanets.nasa.gov//exoplanet-catalog/7869/bd63-1405-b/
beta-cancri-b,"Beta Cancri b is a gas giant exoplanet that orbits a K-type star. Its mass is 7.8 Jupiters, it takes 1.7 years to complete one orbit of its star, and is 1.7 AU from its star. Its discovery was announced in 2014.",2014,Radial Velocity,7.8 Jupiters,1.12 x Jupiter (estimate),Gas Giant,1.7 AU,0.08,1.7 years,exoplanet_details/beta-cancri-b/,87b2e1bd-e87d-4f56-81f3-07a47a300e99,https://exoplanets.nasa.gov//exoplanet-catalog/7039/beta-cancri-b/
beta-pictoris-b,"Beta Pictoris b is a gas giant exoplanet that orbits an A-type star. Its mass is 11 Jupiters, it takes 21 years to complete one orbit of its star, and is 9.1 AU from its star. Its discovery was announced in 2008.",2008,Direct Imaging,11 Jupiters,1.65 x Jupiter,Gas Giant,9.1 AU,0.08,21 years,exoplanet_details/beta-pictoris-b/,4479cfe8-992e-4c1a-b180-32a3e2c7f920,https://exoplanets.nasa.gov//exoplanet-catalog/7040/beta-pictoris-b/
beta-pictoris-c,"Beta Pictoris c is a gas giant exoplanet that orbits an A-type star. Its mass is 9 Jupiters, it takes 3.3 years to complete one orbit of its star, and is 2.7 AU from its star. Its discovery was announced in 2019.",2019,Radial Velocity,9 Jupiters,1.12 x Jupiter (estimate),Gas Giant,2.7 AU,0.24,3.3 years,exoplanet_details/beta-pictoris-c/,ee094eab-cf78-4081-806d-88c6ca040a34,https://exoplanets.nasa.gov//exoplanet-catalog/7461/beta-pictoris-c/
beta-ursae-minoris-b,"Beta Ursae Minoris b is a gas giant exoplanet that orbits a K-type star. Its mass is 6.1 Jupiters, it takes 1.4 years to complete one orbit of its star, and is 1.4 AU from its star. Its discovery was announced in 2014.",2014,Radial Velocity,6.1 Jupiters,1.14 x Jupiter (estimate),Gas Giant,1.4 AU,0.19,1.4 years,exoplanet_details/beta-ursae-minoris-b/,c7ac15b5-bd0c-464e-af16-cc2493fa2e01,https://exoplanets.nasa.gov//exoplanet-catalog/7041/beta-ursae-minoris-b/
cd-ceti-b,"CD Ceti b is a super Earth exoplanet that orbits an M-type star. Its mass is 3.95 Earths, it takes 2.3 days to complete one orbit of its star, and is 0.0185 AU from its star. Its discovery was announced in 2020.",2020,Radial Velocity,3.95 Earths,1.82 x Earth (estimate),Super Earth,0.0185 AU,0.0,2.3 days,exoplanet_details/cd-ceti-b/,0f32b4b2-3011-4445-a78b-5dea4b9c56e5,https://exoplanets.nasa.gov//exoplanet-catalog/8025/cd-ceti-b/
cfbdsir-j145829101343-b,"CFBDSIR J145829+101343 b is a gas giant exoplanet that orbits a T-type star. Its mass is 10.5 Jupiters, it takes 27.5 years to complete one orbit of its star, and is 2.6 AU from its star. Its discovery was announced in 2011.",2011,Direct Imaging,10.5 Jupiters,1.11 x Jupiter (estimate),Gas Giant,2.6 AU,0.0,27.5 years,exoplanet_details/cfbdsir-j145829101343-b/,6f300474-482c-4c24-84de-738ba22656a6,https://exoplanets.nasa.gov//exoplanet-catalog/6567/cfbdsir-j145829101343-b/
cfhtwir-oph-98-b,"CFHTWIR-Oph 98 b is a gas giant exoplanet that orbits an M-type star. Its mass is 7.8 Jupiters, it takes 22027.4 years to complete one orbit of its star, and is 200 AU from its star. Its discovery was announced in 2021.",2021,Direct Imaging,7.8 Jupiters,1.86 x Jupiter,Gas Giant,200.0 AU,0.0,22027.4 years,exoplanet_details/cfhtwir-oph-98-b/,d9479827-9e9c-4636-ab54-b7266b5c075c,https://exoplanets.nasa.gov//exoplanet-catalog/7861/cfhtwir-oph-98-b/
chxr-73-b,"CHXR 73 b is a gas giant exoplanet that orbits an M-type star. Its mass is 12.569 Jupiters, it takes 5146.9 years to complete one orbit of its star, and is 210 AU from its star. Its discovery was announced in 2006.",2006,Direct Imaging,12.569 Jupiters,1.1 x Jupiter (estimate),Gas Giant,210.0 AU,0.0,5146.9 years,exoplanet_details/chxr-73-b/,60cfd1c6-ee14-4899-b926-83d33ad5e7bd,https://exoplanets.nasa.gov//exoplanet-catalog/6568/chxr-73-b/
ci-tauri-b,CI Tauri b is a gas giant exoplanet that orbits an M-type star. Its mass is 11.6 Jupiters and it takes 9 days to complete one orbit of its star. Its discovery was announced in 2019.,2019,Radial Velocity,11.6 Jupiters,1.11 x Jupiter (estimate),Gas Giant,Unknown,0.25,9 days,exoplanet_details/ci-tauri-b/,c000e29e-cb73-495e-8e14-ed1167684d25,https://exoplanets.nasa.gov//exoplanet-catalog/7422/ci-tauri-b/
coconuts-2-b,"COCONUTS-2 b is a gas giant exoplanet that orbits an M-type star. Its mass is 6.3 Jupiters, it takes 1101369.9 years to complete one orbit of its star, and is 7506 AU from its star. Its discovery was announced in 2021.",2021,Direct Imaging,6.3 Jupiters,1.11 x Jupiter,Gas Giant,7506.0 AU,0.0,1101369.9 years,exoplanet_details/coconuts-2-b/,6d3c3912-366a-4296-a499-22bcef15367e,https://exoplanets.nasa.gov//exoplanet-catalog/7945/coconuts-2-b/
corot-1-b,"CoRoT-1 b is a gas giant exoplanet that orbits a G-type star. Its mass is 1.03 Jupiters, it takes 1.5 days to complete one orbit of its star, and is 0.02752 AU from its star. Its discovery was announced in 2008.",2008,Transit,1.03 Jupiters,1.49 x Jupiter,Gas Giant,0.02752 AU,0.0,1.5 days,exoplanet_details/corot-1-b/,2e54baab-0296-4435-9abc-407e8c056c10,https://exoplanets.nasa.gov//exoplanet-catalog/1237/corot-1-b/
corot-10-b,"CoRoT-10 b is a gas giant exoplanet that orbits a K-type star. Its mass is 2.75 Jupiters, it takes 13.2 days to complete one orbit of its star, and is 0.1055 AU from its star. Its discovery was announced in 2010.",2010,Transit,2.75 Jupiters,0.97 x Jupiter,Gas Giant,0.1055 AU,0.53,13.2 days,exoplanet_details/corot-10-b/,e04f4490-e6f3-4fc2-8423-7edcbc2ff2e2,https://exoplanets.nasa.gov//exoplanet-catalog/1327/corot-10-b/
corot-11-b,"CoRoT-11 b is a gas giant exoplanet that orbits an F-type star. Its mass is 2.33 Jupiters, it takes 3 days to complete one orbit of its star, and is 0.0436 AU from its star. Its discovery was announced in 2010.",2010,Transit,2.33 Jupiters,1.43 x Jupiter,Gas Giant,0.0436 AU,0.0,3 days,exoplanet_details/corot-11-b/,5c8d2da2-4557-48d5-ac24-21a0856d9345,https://exoplanets.nasa.gov//exoplanet-catalog/4931/corot-11-b/
corot-12-b,"CoRoT-12 b is a gas giant exoplanet that orbits a G-type star. Its mass is 0.917 Jupiters, it takes 2.8 days to complete one orbit of its star, and is 0.04016 AU from its star. Its discovery was announced in 2010.",2010,Transit,0.917 Jupiters,1.44 x Jupiter,Gas Giant,0.04016 AU,0.07,2.8 days,exoplanet_details/corot-12-b/,179812c0-ad04-4fee-a876-f0d14a811837,https://exoplanets.nasa.gov//exoplanet-catalog/1328/corot-12-b/
corot-13-b,"CoRoT-13 b is a gas giant exoplanet that orbits a G-type star. Its mass is 1.308 Jupiters, it takes 4 days to complete one orbit of its star, and is 0.051 AU from its star. Its discovery was announced in 2010.",2010,Transit,1.308 Jupiters,0.885 x Jupiter,Gas Giant,0.051 AU,0.0,4 days,exoplanet_details/corot-13-b/,844e7478-a9f0-411d-bbfd-4059f837940d,https://exoplanets.nasa.gov//exoplanet-catalog/1329/corot-13-b/
corot-14-b,"CoRoT-14 b is a gas giant exoplanet that orbits an F-type star. Its mass is 7.6 Jupiters, it takes 1.5 days to complete one orbit of its star, and is 0.027 AU from its star. Its discovery was announced in 2010.",2010,Transit,7.6 Jupiters,1.09 x Jupiter,Gas Giant,0.027 AU,0.0,1.5 days,exoplanet_details/corot-14-b/,2a6a1132-4771-4d8d-a4f9-1005fb83b8ac,https://exoplanets.nasa.gov//exoplanet-catalog/1330/corot-14-b/
corot-16-b,"CoRoT-16 b is a gas giant exoplanet that orbits a G-type star. Its mass is 0.535 Jupiters, it takes 5.4 days to complete one orbit of its star, and is 0.0618 AU from its star. Its discovery was announced in 2011.",2011,Transit,0.535 Jupiters,1.17 x Jupiter,Gas Giant,0.0618 AU,0.33,5.4 days,exoplanet_details/corot-16-b/,9fb09f47-4e0d-4489-bcd8-634caa6b8e03,https://exoplanets.nasa.gov//exoplanet-catalog/1331/corot-16-b/
corot-17-b,"CoRoT-17 b is a gas giant exoplanet that orbits a G-type star. Its mass is 2.43 Jupiters, it takes 3.8 days to complete one orbit of its star, and is 0.0461 AU from its star. Its discovery was announced in 2011.",2011,Transit,2.43 Jupiters,1.02 x Jupiter,Gas Giant,0.0461 AU,0.0,3.8 days,exoplanet_details/corot-17-b/,a7233b1f-2204-44de-a225-d63f59fd0682,https://exoplanets.nasa.gov//exoplanet-catalog/4932/corot-17-b/
corot-18-b,"CoRoT-18 b is a gas giant exoplanet that orbits a G-type star. Its mass is 3.47 Jupiters, it takes 1.9 days to complete one orbit of its star, and is 0.0295 AU from its star. Its discovery was announced in 2011.",2011,Transit,3.47 Jupiters,1.31 x Jupiter,Gas Giant,0.0295 AU,< 0.08,1.9 days,exoplanet_details/corot-18-b/,4af4e397-c228-4726-ad44-68edaadc59c2,https://exoplanets.nasa.gov//exoplanet-catalog/1332/corot-18-b/
corot-19-b,"CoRoT-19 b is a gas giant exoplanet that orbits an F-type star. Its mass is 1.11 Jupiters, it takes 3.9 days to complete one orbit of its star, and is 0.0518 AU from its star. Its discovery was announced in 2011.",2011,Transit,1.11 Jupiters,1.29 x Jupiter,Gas Giant,0.0518 AU,0.05,3.9 days,exoplanet_details/corot-19-b/,f59b2c0f-75b2-4e0a-9e5a-96c12307101c,https://exoplanets.nasa.gov//exoplanet-catalog/1333/corot-19-b/
corot-2-b,"CoRoT-2 b is a gas giant exoplanet that orbits a G-type star. Its mass is 3.47 Jupiters, it takes 1.7 days to complete one orbit of its star, and is 0.02798 AU from its star. Its discovery was announced in 2008.",2008,Transit,3.47 Jupiters,1.466 x Jupiter,Gas Giant,0.02798 AU,0.01,1.7 days,exoplanet_details/corot-2-b/,f90db896-ca5d-4db3-a458-c98ae2236ef3,https://exoplanets.nasa.gov//exoplanet-catalog/1238/corot-2-b/
corot-20-b,"CoRoT-20 b is a gas giant exoplanet that orbits a G-type star. Its mass is 4.3 Jupiters, it takes 9.2 days to complete one orbit of its star, and is 0.09 AU from its star. Its discovery was announced in 2011.",2011,Transit,4.3 Jupiters,0.84 x Jupiter,Gas Giant,0.09 AU,0.59,9.2 days,exoplanet_details/corot-20-b/,70994f05-5788-4093-a695-13e44a920386,https://exoplanets.nasa.gov//exoplanet-catalog/4933/corot-20-b/
corot-20-c,"CoRoT-20 c is a gas giant exoplanet that orbits a G-type star. Its mass is 17 Jupiters, it takes 4.6 years to complete one orbit of its star, and is 2.9 AU from its star. Its discovery was announced in 2018.",2018,Radial Velocity,17 Jupiters,1.09 x Jupiter (estimate),Gas Giant,2.9 AU,0.6,4.6 years,exoplanet_details/corot-20-c/,c4e2aa18-5a65-486c-9296-9cfde498b9e3,https://exoplanets.nasa.gov//exoplanet-catalog/6349/corot-20-c/
corot-21-b,"CoRoT-21 b is a gas giant exoplanet that orbits an F-type star. Its mass is 2.26 Jupiters, it takes 2.7 days to complete one orbit of its star, and is 0.0417 AU from its star. Its discovery was announced in 2012.",2012,Transit,2.26 Jupiters,1.3 x Jupiter,Gas Giant,0.0417 AU,0.0,2.7 days,exoplanet_details/corot-21-b/,099c9160-4492-43eb-bae3-7203e09d6b3c,https://exoplanets.nasa.gov//exoplanet-catalog/6429/corot-21-b/
corot-22-b,"CoRoT-22 b is a Neptune-like exoplanet that orbits a G-type star. Its mass is 12.2 Earths, it takes 9.8 days to complete one orbit of its star, and is 0.092 AU from its star. Its discovery was announced in 2014.",2014,Transit,12.2 Earths,0.435 x Jupiter,Neptune-like,0.092 AU,0.08,9.8 days,exoplanet_details/corot-22-b/,208d2b01-4604-4e47-bece-0b128647ddc2,https://exoplanets.nasa.gov//exoplanet-catalog/1334/corot-22-b/
corot-23-b,"CoRoT-23 b is a gas giant exoplanet that orbits a G-type star. Its mass is 2.8 Jupiters, it takes 3.6 days to complete one orbit of its star, and is 0.048 AU from its star. Its discovery was announced in 2011.",2011,Transit,2.8 Jupiters,1.05 x Jupiter,Gas Giant,0.048 AU,0.16,3.6 days,exoplanet_details/corot-23-b/,b88a4bcd-7a67-49fb-8dac-ccb5ec353236,https://exoplanets.nasa.gov//exoplanet-catalog/1335/corot-23-b/
corot-24-b,"CoRoT-24 b is a Neptune-like exoplanet that orbits a K-type star. Its mass is 5.7 Earths, it takes 5.1 days to complete one orbit of its star, and is 0.056 AU from its star. Its discovery was announced in 2014.",2014,Transit,5.7 Earths,0.33 x Jupiter,Neptune-like,0.056 AU,0.0,5.1 days,exoplanet_details/corot-24-b/,2df1b9ef-0ac9-48b0-9572-d554c8d65db3,https://exoplanets.nasa.gov//exoplanet-catalog/4934/corot-24-b/
corot-24-c,"CoRoT-24 c is a Neptune-like exoplanet that orbits a K-type star. Its mass is 28 Earths, it takes 11.8 days to complete one orbit of its star, and is 0.098 AU from its star. Its discovery was announced in 2014.",2014,Transit,28 Earths,0.44 x Jupiter,Neptune-like,0.098 AU,0.0,11.8 days,exoplanet_details/corot-24-c/,3c9c3ed5-a45b-4af6-9760-ab8cd50bb1c1,https://exoplanets.nasa.gov//exoplanet-catalog/1336/corot-24-c/
corot-25-b,"CoRoT-25 b is a gas giant exoplanet that orbits an F-type star. Its mass is 0.27 Jupiters, it takes 4.9 days to complete one orbit of its star, and is 0.0578 AU from its star. Its discovery was announced in 2013.",2013,Transit,0.27 Jupiters,1.08 x Jupiter,Gas Giant,0.0578 AU,0.0,4.9 days,exoplanet_details/corot-25-b/,624000cd-c1cb-406c-953b-3a7733936279,https://exoplanets.nasa.gov//exoplanet-catalog/1337/corot-25-b/
corot-26-b,"CoRoT-26 b is a gas giant exoplanet that orbits a G-type star. Its mass is 0.52 Jupiters, it takes 4.2 days to complete one orbit of its star, and is 0.0526 AU from its star. Its discovery was announced in 2013.",2013,Transit,0.52 Jupiters,1.26 x Jupiter,Gas Giant,0.0526 AU,0.0,4.2 days,exoplanet_details/corot-26-b/,3efd9613-23af-4a82-bd50-3aac4472852d,https://exoplanets.nasa.gov//exoplanet-catalog/4935/corot-26-b/
corot-27-b,"CoRoT-27 b is a gas giant exoplanet that orbits a G-type star. Its mass is 10.39 Jupiters, it takes 3.6 days to complete one orbit of its star, and is 0.0476 AU from its star. Its discovery was announced in 2014.",2014,Transit,10.39 Jupiters,1.007 x Jupiter,Gas Giant,0.0476 AU,< 0.065,3.6 days,exoplanet_details/corot-27-b/,04eae885-18ae-4f66-818f-c2866f2776f5,https://exoplanets.nasa.gov//exoplanet-catalog/1338/corot-27-b/
corot-28-b,"CoRoT-28 b is a gas giant exoplanet that orbits a K-type star. Its mass is 0.484 Jupiters, it takes 5.2 days to complete one orbit of its star, and is 0.0603 AU from its star. Its discovery was announced in 2015.",2015,Transit,0.484 Jupiters,0.955 x Jupiter,Gas Giant,0.0603 AU,0.05,5.2 days,exoplanet_details/corot-28-b/,aebc8014-1510-47fc-95be-b595a600913d,https://exoplanets.nasa.gov//exoplanet-catalog/1339/corot-28-b/
corot-29-b,"CoRoT-29 b is a gas giant exoplanet that orbits a K-type star. Its mass is 0.85 Jupiters, it takes 2.9 days to complete one orbit of its star, and is 0.0386 AU from its star. Its discovery was announced in 2015.",2015,Transit,0.85 Jupiters,0.9 x Jupiter,Gas Giant,0.0386 AU,0.08,2.9 days,exoplanet_details/corot-29-b/,2e1a3d0f-27d0-4454-9d4a-725a30e8cada,https://exoplanets.nasa.gov//exoplanet-catalog/1340/corot-29-b/
corot-3-b,"CoRoT-3 b is a gas giant exoplanet that orbits an F-type star. Its mass is 21.66 Jupiters, it takes 4.3 days to complete one orbit of its star, and is 0.05783 AU from its star. Its discovery was announced in 2008.",2008,Transit,21.66 Jupiters,1.01 x Jupiter,Gas Giant,0.05783 AU,0.0,4.3 days,exoplanet_details/corot-3-b/,c67a3d01-090e-48b1-a2dc-3b5b8534f5ba,https://exoplanets.nasa.gov//exoplanet-catalog/4936/corot-3-b/
corot-30-b,"CoRoT-30 b is a gas giant exoplanet that orbits a G-type star. Its mass is 2.9 Jupiters, it takes 9.1 days to complete one orbit of its star, and is 0.0844 AU from its star. Its discovery was announced in 2020.",2020,Transit,2.9 Jupiters,1.009 x Jupiter,Gas Giant,0.0844 AU,0.01,9.1 days,exoplanet_details/corot-30-b/,ca89409f-6c77-4706-8b9e-7b54fed45f0f,https://exoplanets.nasa.gov//exoplanet-catalog/7609/corot-30-b/
corot-31-b,"CoRoT-31 b is a gas giant exoplanet that orbits a G-type star. Its mass is 0.84 Jupiters, it takes 4.6 days to complete one orbit of its star, and is 0.0586 AU from its star. Its discovery was announced in 2020.",2020,Transit,0.84 Jupiters,1.46 x Jupiter,Gas Giant,0.0586 AU,0.02,4.6 days,exoplanet_details/corot-31-b/,d827b0f2-a119-4fcc-b686-388d568f011b,https://exoplanets.nasa.gov//exoplanet-catalog/7610/corot-31-b/
corot-4-b,"CoRoT-4 b is a gas giant exoplanet that orbits an F-type star. Its mass is 0.72 Jupiters, it takes 9.2 days to complete one orbit of its star, and is 0.09 AU from its star. Its discovery was announced in 2008.",2008,Transit,0.72 Jupiters,1.19 x Jupiter,Gas Giant,0.09 AU,0.0,9.2 days,exoplanet_details/corot-4-b/,b9017876-6975-49de-bf97-282a940dce7c,https://exoplanets.nasa.gov//exoplanet-catalog/1239/corot-4-b/
corot-5-b,"CoRoT-5 b is a gas giant exoplanet that orbits an F-type star. Its mass is 0.467 Jupiters, it takes 4 days to complete one orbit of its star, and is 0.04947 AU from its star. Its discovery was announced in 2009.",2009,Transit,0.467 Jupiters,1.388 x Jupiter,Gas Giant,0.04947 AU,0.09,4 days,exoplanet_details/corot-5-b/,1abe7d34-ca26-4c90-9485-253f2b3f6dc5,https://exoplanets.nasa.gov//exoplanet-catalog/1240/corot-5-b/
corot-6-b,"CoRoT-6 b is a gas giant exoplanet that orbits an F-type star. Its mass is 2.96 Jupiters, it takes 8.9 days to complete one orbit of its star, and is 0.0855 AU from its star. Its discovery was announced in 2009.",2009,Transit,2.96 Jupiters,1.166 x Jupiter,Gas Giant,0.0855 AU,< 0.1,8.9 days,exoplanet_details/corot-6-b/,50fd0132-af87-4559-8d85-20fd139709d1,https://exoplanets.nasa.gov//exoplanet-catalog/1241/corot-6-b/
corot-7-b,"CoRoT-7 b is a super Earth exoplanet that orbits a K-type star. Its mass is 4.07661 Earths, it takes 0.9 days to complete one orbit of its star, and is 0.017016 AU from its star. Its discovery was announced in 2009.",2009,Transit,4.07661 Earths,1.681 x Earth,Super Earth,0.017016 AU,0.0,0.9 days,exoplanet_details/corot-7-b/,32f743fd-3842-49fb-b44b-3815355bc3c0,https://exoplanets.nasa.gov//exoplanet-catalog/1242/corot-7-b/
corot-7-c,"CoRoT-7 c is a Neptune-like exoplanet that orbits a K-type star. Its mass is 8.4 Earths, it takes 3.7 days to complete one orbit of its star, and is 0.046 AU from its star. Its discovery was announced in 2009.",2009,Radial Velocity,8.4 Earths,0.253 x Jupiter (estimate),Neptune-like,0.046 AU,0.0,3.7 days,exoplanet_details/corot-7-c/,baa345c6-52a2-4861-9cfa-16c4b3745c47,https://exoplanets.nasa.gov//exoplanet-catalog/4937/corot-7-c/
corot-8-b,"CoRoT-8 b is a gas giant exoplanet that orbits a K-type star. Its mass is 0.22 Jupiters, it takes 6.2 days to complete one orbit of its star, and is 0.063 AU from its star. Its discovery was announced in 2010.",2010,Transit,0.22 Jupiters,0.57 x Jupiter,Gas Giant,0.063 AU,0.0,6.2 days,exoplanet_details/corot-8-b/,35529d47-b5f5-4f0c-9134-a41a8367a577,https://exoplanets.nasa.gov//exoplanet-catalog/1243/corot-8-b/
corot-9-b,"CoRoT-9 b is a gas giant exoplanet that orbits a G-type star. Its mass is 0.84 Jupiters, it takes 95.3 days to complete one orbit of its star, and is 0.4021 AU from its star. Its discovery was announced in 2009.",2009,Transit,0.84 Jupiters,1.066 x Jupiter,Gas Giant,0.4021 AU,0.13,95.3 days,exoplanet_details/corot-9-b/,07ba5ccb-1953-493f-b3cc-a0c02b14d6cf,https://exoplanets.nasa.gov//exoplanet-catalog/1244/corot-9-b/
corotid-223977153-b,"CoRoTID 223977153 b is a gas giant exoplanet that orbits a G-type star. Its mass is 0.15 Jupiters, it takes 6.7 days to complete one orbit of its star, and is 0.071 AU from its star. Its discovery was announced in 2017.",2017,Transit,0.15 Jupiters,0.57 x Jupiter,Gas Giant,0.071 AU,0.0,6.7 days,exoplanet_details/corotid-223977153-b/,56c379f8-87da-4b96-a664-4c6b3987064d,https://exoplanets.nasa.gov//exoplanet-catalog/7334/corotid-223977153-b/
ct-chamaleontis-b,"CT Chamaleontis b is a gas giant exoplanet that orbits a K-type star. Its mass is 17 Jupiters, it takes Infinity years to complete one orbit of its star, and is 440 AU from its star. Its discovery was announced in 2007.",2007,Direct Imaging,17 Jupiters,2.2 x Jupiter,Gas Giant,440.0 AU,0.0,Infinity years,exoplanet_details/ct-chamaleontis-b/,31d64cc6-6d04-4005-af14-61992840f5f6,https://exoplanets.nasa.gov//exoplanet-catalog/7015/ct-chamaleontis-b/
de-canun-venaticorum-b,"DE Canun Venaticorum b is a gas giant exoplanet that orbits an M-type star. Its mass is 12.0293 Jupiters, it takes 11.2 years to complete one orbit of its star, and is 5.75 AU from its star. Its discovery was announced in 2018.",2018,Eclipse Timing Variations,12.0293 Jupiters,1.1 x Jupiter (estimate),Gas Giant,5.75 AU,0.0,11.2 years,exoplanet_details/de-canun-venaticorum-b/,110fa303-6adc-4fe5-adbb-75afe3b2320c,https://exoplanets.nasa.gov//exoplanet-catalog/7433/de-canun-venaticorum-b/
denis-p-j0823031-491201-b,"DENIS-P J082303.1-491201 b is a gas giant exoplanet that orbits an unknown-type star. Its mass is 28.5 Jupiters, it takes 246.4 days to complete one orbit of its star, and is 0.36 AU from its star. Its discovery was announced in 2013.",2013,Astrometry,28.5 Jupiters,1.06 x Jupiter (estimate),Gas Giant,0.36 AU,0.35,246.4 days,exoplanet_details/denis-p-j0823031-491201-b/,6431ea62-0860-4b7d-818b-2ea97c1a0633,https://exoplanets.nasa.gov//exoplanet-catalog/6569/denis-p-j0823031-491201-b/
dh-tauri-b,"DH Tauri b is a gas giant exoplanet that orbits a K-type star. Its mass is 11 Jupiters, it takes 10441.5 years to complete one orbit of its star, and is 330 AU from its star. Its discovery was announced in 2004.",2004,Direct Imaging,11 Jupiters,2.7 x Jupiter,Gas Giant,330.0 AU,0.0,10441.5 years,exoplanet_details/dh-tauri-b/,6ce74384-755b-4577-8cbb-cca93084fce4,https://exoplanets.nasa.gov//exoplanet-catalog/7016/dh-tauri-b/
dmpp-1-b,"DMPP-1 b is a Neptune-like exoplanet that orbits an F-type star. Its mass is 24.27 Earths, it takes 18.6 days to complete one orbit of its star, and is 0.1462 AU from its star. Its discovery was announced in 2019.",2019,Radial Velocity,24.27 Earths,0.472 x Jupiter (estimate),Neptune-like,0.1462 AU,< 0.083,18.6 days,exoplanet_details/dmpp-1-b/,d5de3918-9bea-4761-99c3-13bf13aa59ef,https://exoplanets.nasa.gov//exoplanet-catalog/7548/dmpp-1-b/
dmpp-1-c,"DMPP-1 c is a Neptune-like exoplanet that orbits an F-type star. Its mass is 9.6 Earths, it takes 6.6 days to complete one orbit of its star, and is 0.0733 AU from its star. Its discovery was announced in 2019.",2019,Radial Velocity,9.6 Earths,0.273 x Jupiter (estimate),Neptune-like,0.0733 AU,< 0.057,6.6 days,exoplanet_details/dmpp-1-c/,581005c8-e8a4-40ef-98c7-8d3950af7b06,https://exoplanets.nasa.gov//exoplanet-catalog/7549/dmpp-1-c/
dmpp-1-d,"DMPP-1 d is a super Earth exoplanet that orbits an F-type star. Its mass is 3.35 Earths, it takes 2.9 days to complete one orbit of its star, and is 0.0422 AU from its star. Its discovery was announced in 2019.",2019,Radial Velocity,3.35 Earths,1.65 x Earth (estimate),Super Earth,0.0422 AU,< 0.07,2.9 days,exoplanet_details/dmpp-1-d/,76901297-6a6a-42e8-9b08-7324fb42d18c,https://exoplanets.nasa.gov//exoplanet-catalog/7551/dmpp-1-d/
dmpp-1-e,"DMPP-1 e is a super Earth exoplanet that orbits an F-type star. Its mass is 4.13 Earths, it takes 5.5 days to complete one orbit of its star, and is 0.0651 AU from its star. Its discovery was announced in 2019.",2019,Radial Velocity,4.13 Earths,1.86 x Earth (estimate),Super Earth,0.0651 AU,< 0.07,5.5 days,exoplanet_details/dmpp-1-e/,d17e42d9-04ed-4481-922f-31e1b5daf168,https://exoplanets.nasa.gov//exoplanet-catalog/7552/dmpp-1-e/
dmpp-2-b,"DMPP-2 b is a gas giant exoplanet that orbits an F-type star. Its mass is 0.437 Jupiters, it takes 5.2 days to complete one orbit of its star, and is 0.0664 AU from its star. Its discovery was announced in 2019.",2019,Radial Velocity,0.437 Jupiters,1.28 x Jupiter (estimate),Gas Giant,0.0664 AU,0.08,5.2 days,exoplanet_details/dmpp-2-b/,56003947-37bf-4088-8c61-e03c0b491c05,https://exoplanets.nasa.gov//exoplanet-catalog/7553/dmpp-2-b/
dmpp-3-a-b,"DMPP-3 A b is a super Earth exoplanet that orbits a K-type star. Its mass is 2.58 Earths, it takes 6.7 days to complete one orbit of its star, and is 0.0662 AU from its star. Its discovery was announced in 2019.",2019,Radial Velocity,2.58 Earths,1.41 x Earth (estimate),Super Earth,0.0662 AU,0.14,6.7 days,exoplanet_details/dmpp-3-a-b/,8a562b9f-f381-4a19-a52e-7dd062e2b964,https://exoplanets.nasa.gov//exoplanet-catalog/7577/dmpp-3-a-b/
dp-leonis-b,"DP Leonis b is a gas giant exoplanet that orbits a B-type star. Its mass is 6.28 Jupiters, it takes 28 years to complete one orbit of its star, and is 8.19 AU from its star. Its discovery was announced in 2009.",2009,Eclipse Timing Variations,6.28 Jupiters,1.14 x Jupiter (estimate),Gas Giant,8.19 AU,0.39,28 years,exoplanet_details/dp-leonis-b/,3d3fcb4e-bdcf-44fd-b664-5a42d4fe754d,https://exoplanets.nasa.gov//exoplanet-catalog/7017/dp-leonis-b/
ds-tucanae-a-b,DS Tucanae A b is a Neptune-like exoplanet that orbits a G-type star. Its mass is 1.3 Jupiters and it takes 8.1 days to complete one orbit of its star. Its discovery was announced in 2019.,2019,Transit,1.3 Jupiters,0.509 x Jupiter,Neptune-like,Unknown,0.0,8.1 days,exoplanet_details/ds-tucanae-a-b/,2a889602-b043-4e10-bf6d-9384172ac2f4,https://exoplanets.nasa.gov//exoplanet-catalog/7427/ds-tucanae-a-b/
epic-20117041002,"EPIC 201170410.02 is a super Earth exoplanet that orbits an M-type star. Its mass is 1.15 Earths, it takes 6.8 days to complete one orbit of its star, and is 0.0349 AU from its star. Its discovery was announced in 2020.",2020,Transit,1.15 Earths,1.047 x Earth,Super Earth,0.0349 AU,0.0,6.8 days,exoplanet_details/epic-20117041002/,d646c948-c3b5-4076-855f-1ff66e2313f9,https://exoplanets.nasa.gov//exoplanet-catalog/7771/epic-20117041002/
epic-201238110-b,EPIC 201238110 b is a super Earth exoplanet that orbits an M-type star. Its mass is 4.16 Earths and it takes 28.2 days to complete one orbit of its star. Its discovery was announced in 2019.,2019,Transit,4.16 Earths,1.87 x Earth,Super Earth,Unknown,0.0,28.2 days,exoplanet_details/epic-201238110-b/,4835ef35-ed93-4b4e-b8a2-cc779432bdf3,https://exoplanets.nasa.gov//exoplanet-catalog/7390/epic-201238110-b/
epic-201427007-b,EPIC 201427007 b is a super Earth exoplanet that orbits a G-type star. Its mass is 2.86 Earths and it takes 0.7 days to complete one orbit of its star. Its discovery was announced in 2021.,2021,Transit,2.86 Earths,1.5 x Earth,Super Earth,Unknown,0.0,0.7 days,exoplanet_details/epic-201427007-b/,2892618a-99be-48bc-a645-51d5eb989bd3,https://exoplanets.nasa.gov//exoplanet-catalog/8018/epic-201427007-b/
epic-201497682-b,EPIC 201497682 b is a terrestrial exoplanet that orbits a K-type star. Its mass is 0.26 Earths and it takes 2.1 days to complete one orbit of its star. Its discovery was announced in 2019.,2019,Transit,0.26 Earths,0.692 x Earth,Terrestrial,Unknown,0.0,2.1 days,exoplanet_details/epic-201497682-b/,a0666de3-446a-44a6-9203-a3bf8d5df78e,https://exoplanets.nasa.gov//exoplanet-catalog/7391/epic-201497682-b/
epic-201595106-b,EPIC 201595106 b is a super Earth exoplanet that orbits a G-type star. Its mass is 2.24 Earths and it takes 0.9 days to complete one orbit of its star. Its discovery was announced in 2021.,2021,Transit,2.24 Earths,1.3 x Earth,Super Earth,Unknown,0.0,0.9 days,exoplanet_details/epic-201595106-b/,88c1fcf3-aae8-4cb9-97a1-a0e80a7bdddb,https://exoplanets.nasa.gov//exoplanet-catalog/8012/epic-201595106-b/
epic-201615463-c,EPIC 201615463 c is a super Earth exoplanet that orbits a G-type star. Its mass is 1.98 Earths and it takes 3.8 days to complete one orbit of its star. Its discovery was announced in 2019.,2019,Transit,1.98 Earths,1.22 x Earth,Super Earth,Unknown,0.0,3.8 days,exoplanet_details/epic-201615463-c/,4a1dcad2-6469-4ac4-9880-eccee27ba280,https://exoplanets.nasa.gov//exoplanet-catalog/7392/epic-201615463-c/
epic-201754305-d,EPIC 201754305 d is a super Earth exoplanet that orbits a K-type star. Its mass is 1.08 Earths and it takes 2.7 days to complete one orbit of its star. Its discovery was announced in 2019.,2019,Transit,1.08 Earths,1.03 x Earth,Super Earth,Unknown,0.0,2.7 days,exoplanet_details/epic-201754305-d/,26a84b7e-a33c-49f7-8d9e-444863dd7051,https://exoplanets.nasa.gov//exoplanet-catalog/7393/epic-201754305-d/
epic-20175769502,"EPIC 201757695.02 is a terrestrial exoplanet that orbits a K-type star. Its mass is 0.688 Earths, it takes 2 days to complete one orbit of its star, and is 0.0296 AU from its star. Its discovery was announced in 2020.",2020,Transit,0.688 Earths,0.908 x Earth,Terrestrial,0.0296 AU,0.0,2 days,exoplanet_details/epic-20175769502/,183b97f2-501b-48bc-ae05-9f269f96c7f7,https://exoplanets.nasa.gov//exoplanet-catalog/7772/epic-20175769502/
epic-201833600-c,EPIC 201833600 c is a terrestrial exoplanet that orbits a K-type star. Its mass is 0.972 Earths and it takes 4 days to complete one orbit of its star. Its discovery was announced in 2019.,2019,Transit,0.972 Earths,1.0 x Earth,Terrestrial,Unknown,0.0,4 days,exoplanet_details/epic-201833600-c/,c88c5461-a112-458d-ab54-d7bb499ef833,https://exoplanets.nasa.gov//exoplanet-catalog/7394/epic-201833600-c/
epic-201841433-b,"EPIC 201841433 b is a super Earth exoplanet that orbits a K-type star. Its mass is 1.12 Earths, it takes 4.2 days to complete one orbit of its star, and is 0.035 AU from its star. Its discovery was announced in 2019.",2019,Transit,1.12 Earths,1.04 x Earth,Super Earth,0.035 AU,0.0,4.2 days,exoplanet_details/epic-201841433-b/,7befda03-8299-4ec1-a10c-63159a96ebfe,https://exoplanets.nasa.gov//exoplanet-catalog/7395/epic-201841433-b/
epic-205950854-c,EPIC 205950854 c is a super Earth exoplanet that orbits a G-type star. Its mass is 2.27 Earths and it takes 8.1 days to complete one orbit of its star. Its discovery was announced in 2019.,2019,Transit,2.27 Earths,1.31 x Earth,Super Earth,Unknown,0.0,8.1 days,exoplanet_details/epic-205950854-c/,6824391f-ac8b-44ed-ae51-98613209ebee,https://exoplanets.nasa.gov//exoplanet-catalog/7396/epic-205950854-c/
epic-206024342-b,EPIC 206024342 b is a super Earth exoplanet that orbits a G-type star. Its mass is 3.53 Earths and it takes 4.5 days to complete one orbit of its star. Its discovery was announced in 2019.,2019,Transit,3.53 Earths,1.7 x Earth,Super Earth,Unknown,0.0,4.5 days,exoplanet_details/epic-206024342-b/,2b95132e-9179-49c1-ab8a-c672cbee9f71,https://exoplanets.nasa.gov//exoplanet-catalog/7397/epic-206024342-b/
epic-206024342-c,EPIC 206024342 c is a super Earth exoplanet that orbits a G-type star. Its mass is 2.54 Earths and it takes 0.9 days to complete one orbit of its star. Its discovery was announced in 2021.,2021,Transit,2.54 Earths,1.4 x Earth,Super Earth,Unknown,0.0,0.9 days,exoplanet_details/epic-206024342-c/,b000a57b-dc14-4b2c-9ef0-656ec6ebc901,https://exoplanets.nasa.gov//exoplanet-catalog/8023/epic-206024342-c/
epic-206024342-d,EPIC 206024342 d is a Neptune-like exoplanet that orbits a G-type star. Its mass is 7.27 Earths and it takes 14.6 days to complete one orbit of its star. Its discovery was announced in 2021.,2021,Transit,7.27 Earths,0.232 x Jupiter,Neptune-like,Unknown,0.0,14.6 days,exoplanet_details/epic-206024342-d/,6e300905-d304-4610-be39-3ef351749ab5,https://exoplanets.nasa.gov//exoplanet-catalog/8022/epic-206024342-d/
epic-206032309-b,EPIC 206032309 b is a super Earth exoplanet that orbits an M-type star. Its mass is 1.01 Earths and it takes 2.9 days to complete one orbit of its star. Its discovery was announced in 2019.,2019,Transit,1.01 Earths,1.01 x Earth,Super Earth,Unknown,0.0,2.9 days,exoplanet_details/epic-206032309-b/,05171415-b064-49fb-b125-4c99c4fe08fa,https://exoplanets.nasa.gov//exoplanet-catalog/7398/epic-206032309-b/
epic-206042996-b,EPIC 206042996 b is a super Earth exoplanet that orbits a K-type star. Its mass is 3.26 Earths and it takes 5.3 days to complete one orbit of its star. Its discovery was announced in 2019.,2019,Transit,3.26 Earths,1.62 x Earth,Super Earth,Unknown,0.0,5.3 days,exoplanet_details/epic-206042996-b/,8f2c783d-d238-4deb-9a9c-e194fd1301dd,https://exoplanets.nasa.gov//exoplanet-catalog/7399/epic-206042996-b/
epic-206042996-c,EPIC 206042996 c is a super Earth exoplanet that orbits a K-type star. Its mass is 1.87 Earths and it takes 0.4 days to complete one orbit of its star. Its discovery was announced in 2021.,2021,Transit,1.87 Earths,1.2 x Earth,Super Earth,Unknown,0.0,0.4 days,exoplanet_details/epic-206042996-c/,130c6d21-9459-4fff-ad41-eaaacd2bd3a7,https://exoplanets.nasa.gov//exoplanet-catalog/8024/epic-206042996-c/
epic-206215704-b,EPIC 206215704 b is a terrestrial exoplanet that orbits an M-type star. Its mass is 0.666 Earths and it takes 2.3 days to complete one orbit of its star. Its discovery was announced in 2019.,2019,Transit,0.666 Earths,0.9 x Earth,Terrestrial,Unknown,0.0,2.3 days,exoplanet_details/epic-206215704-b/,fd095808-0cc5-4758-852a-9c37eb380111,https://exoplanets.nasa.gov//exoplanet-catalog/7400/epic-206215704-b/
epic-206317286-b,EPIC 206317286 b is a terrestrial exoplanet that orbits a K-type star. Its mass is 0.84 Earths and it takes 1.6 days to complete one orbit of its star. Its discovery was announced in 2019.,2019,Transit,0.84 Earths,0.96 x Earth,Terrestrial,Unknown,0.0,1.6 days,exoplanet_details/epic-206317286-b/,5107b899-b1fe-4458-8204-18945044a335,https://exoplanets.nasa.gov//exoplanet-catalog/7401/epic-206317286-b/
epic-211822797-b,"EPIC 211822797 b is a super Earth exoplanet that orbits a K-type star. Its mass is 4.35 Earths, it takes 21.2 days to complete one orbit of its star, and is 0.1195 AU from its star. Its discovery was announced in 2016.",2016,Transit,4.35 Earths,1.92 x Earth,Super Earth,0.1195 AU,0.06,21.2 days,exoplanet_details/epic-211822797-b/,06557ad7-8f36-4115-b7b6-18faa36b9f68,https://exoplanets.nasa.gov//exoplanet-catalog/7170/epic-211822797-b/
epic-211945201-b,"EPIC 211945201 b is a Neptune-like exoplanet that orbits an F-type star. Its mass is 27 Earths, it takes 19.5 days to complete one orbit of its star, and is 0.1493 AU from its star. Its discovery was announced in 2018.",2018,Transit,27 Earths,0.514 x Jupiter,Neptune-like,0.1493 AU,0.0,19.5 days,exoplanet_details/epic-211945201-b/,d0c7b77d-40c0-4385-a14e-cfbc7be56265,https://exoplanets.nasa.gov//exoplanet-catalog/7279/epic-211945201-b/
epic-212297394-b,EPIC 212297394 b is a super Earth exoplanet that orbits a K-type star. Its mass is 2.79 Earths and it takes 2.3 days to complete one orbit of its star. Its discovery was announced in 2019.,2019,Transit,2.79 Earths,1.48 x Earth,Super Earth,Unknown,0.0,2.3 days,exoplanet_details/epic-212297394-b/,fa3b2caa-4a4e-4b24-88cb-29f13273fdee,https://exoplanets.nasa.gov//exoplanet-catalog/7402/epic-212297394-b/
epic-212297394-c,EPIC 212297394 c is a Neptune-like exoplanet that orbits a K-type star. Its mass is 5.77 Earths and it takes 5.2 days to complete one orbit of its star. Its discovery was announced in 2016.,2016,Transit,5.77 Earths,0.203 x Jupiter,Neptune-like,Unknown,0.0,5.2 days,exoplanet_details/epic-212297394-c/,f4b8dfaf-b128-4a58-98e5-24c7d1ecf5e0,https://exoplanets.nasa.gov//exoplanet-catalog/7981/epic-212297394-c/
epic-212424622-b,EPIC 212424622 b is a Neptune-like exoplanet that orbits a G-type star. Its mass is 5.35 Earths and it takes 18.1 days to complete one orbit of its star. Its discovery was announced in 2019.,2019,Transit,5.35 Earths,2.17 x Earth,Neptune-like,Unknown,0.0,18.1 days,exoplanet_details/epic-212424622-b/,3a19b333-6036-4d85-986b-dca51bfd15ee,https://exoplanets.nasa.gov//exoplanet-catalog/7403/epic-212424622-b/
epic-212499991-b,EPIC 212499991 b is a super Earth exoplanet that orbits a K-type star. Its mass is 3.19 Earths and it takes 34.9 days to complete one orbit of its star. Its discovery was announced in 2019.,2019,Transit,3.19 Earths,1.6 x Earth,Super Earth,Unknown,0.0,34.9 days,exoplanet_details/epic-212499991-b/,f861f82b-cf1a-4a35-9944-4e664572d336,https://exoplanets.nasa.gov//exoplanet-catalog/7404/epic-212499991-b/
epic-212587672-b,EPIC 212587672 b is a super Earth exoplanet that orbits an F-type star. Its mass is 2.13 Earths and it takes 15.3 days to complete one orbit of its star. Its discovery was announced in 2019.,2019,Transit,2.13 Earths,1.26 x Earth,Super Earth,Unknown,0.0,15.3 days,exoplanet_details/epic-212587672-b/,354163ff-11fd-428f-bacf-2c5b519fdacf,https://exoplanets.nasa.gov//exoplanet-catalog/7405/epic-212587672-b/
epic-212587672-c,EPIC 212587672 c is a Neptune-like exoplanet that orbits an F-type star. Its mass is 5.99 Earths and it takes 23.2 days to complete one orbit of its star. Its discovery was announced in 2016.,2016,Transit,5.99 Earths,0.207 x Jupiter,Neptune-like,Unknown,0.0,23.2 days,exoplanet_details/epic-212587672-c/,cb6ce69f-dc92-40a6-aef2-53ef46d2fa7b,https://exoplanets.nasa.gov//exoplanet-catalog/7985/epic-212587672-c/
epic-212624936-b,EPIC 212624936 b is a super Earth exoplanet that orbits a G-type star. Its mass is 1.87 Earths and it takes 0.6 days to complete one orbit of its star. Its discovery was announced in 2021.,2021,Transit,1.87 Earths,1.2 x Earth,Super Earth,Unknown,0.0,0.6 days,exoplanet_details/epic-212624936-b/,308c0c07-3827-4208-92e3-631189648131,https://exoplanets.nasa.gov//exoplanet-catalog/8019/epic-212624936-b/
epic-212624936-c,EPIC 212624936 c is a Neptune-like exoplanet that orbits a G-type star. Its mass is 5.9 Earths and it takes 11.8 days to complete one orbit of its star. Its discovery was announced in 2021.,2021,Transit,5.9 Earths,0.205 x Jupiter,Neptune-like,Unknown,0.0,11.8 days,exoplanet_details/epic-212624936-c/,fac498ea-a4a8-47a1-bfe0-90c2dc6bef5e,https://exoplanets.nasa.gov//exoplanet-catalog/8014/epic-212624936-c/
epic-212737443-b,"EPIC 212737443 b is a Neptune-like exoplanet that orbits a K-type star. Its mass is 7.2 Earths, it takes 13.6 days to complete one orbit of its star, and is 0.098 AU from its star. Its discovery was announced in 2019.",2019,Transit,7.2 Earths,0.231 x Jupiter,Neptune-like,0.098 AU,0.2,13.6 days,exoplanet_details/epic-212737443-b/,dae447e5-52f9-449e-ab5f-b925c1548f0c,https://exoplanets.nasa.gov//exoplanet-catalog/7440/epic-212737443-b/
epic-212737443-c,"EPIC 212737443 c is a Neptune-like exoplanet that orbits a K-type star. Its mass is 7.7 Earths, it takes 65.6 days to complete one orbit of its star, and is 0.28 AU from its star. Its discovery was announced in 2019.",2019,Transit,7.7 Earths,0.24 x Jupiter,Neptune-like,0.28 AU,0.2,65.6 days,exoplanet_details/epic-212737443-c/,d2dd5d86-9305-425a-b2d0-1d3564de80d8,https://exoplanets.nasa.gov//exoplanet-catalog/7441/epic-212737443-c/
epic-220492298-b,EPIC 220492298 b is a terrestrial exoplanet that orbits a G-type star. Its mass is 0.937 Earths and it takes 0.8 days to complete one orbit of its star. Its discovery was announced in 2021.,2021,Transit,0.937 Earths,0.99 x Earth,Terrestrial,Unknown,0.0,0.8 days,exoplanet_details/epic-220492298-b/,376c16be-a73c-4cd8-87e1-0003a0a9e505,https://exoplanets.nasa.gov//exoplanet-catalog/8020/epic-220492298-b/
epic-220554210-c,EPIC 220554210 c is a super Earth exoplanet that orbits a G-type star. Its mass is 2.79 Earths and it takes 0.7 days to complete one orbit of its star. Its discovery was announced in 2019.,2019,Transit,2.79 Earths,1.48 x Earth,Super Earth,Unknown,0.0,0.7 days,exoplanet_details/epic-220554210-c/,5c8369f3-3c34-4b6a-8da0-63955b0d0a98,https://exoplanets.nasa.gov//exoplanet-catalog/7406/epic-220554210-c/
epic-220674823-b,"EPIC 220674823 b is a super Earth exoplanet that orbits a G-type star. Its mass is 7.72 Earths, it takes 0.6 days to complete one orbit of its star, and is 0.0134 AU from its star. Its discovery was announced in 2016.",2016,Transit,7.72 Earths,1.82 x Earth,Super Earth,0.0134 AU,0.0,0.6 days,exoplanet_details/epic-220674823-b/,95276b6b-4549-4200-84e5-128dd0f504ab,https://exoplanets.nasa.gov//exoplanet-catalog/7328/epic-220674823-b/
epic-220674823-c,"EPIC 220674823 c is a Neptune-like exoplanet that orbits a G-type star. Its mass is 5.8 Earths, it takes 13.3 days to complete one orbit of its star, and is 0.1091 AU from its star. Its discovery was announced in 2016.",2016,Transit,5.8 Earths,0.244 x Jupiter,Neptune-like,0.1091 AU,0.18,13.3 days,exoplanet_details/epic-220674823-c/,6a9d4bba-a901-45d3-8795-e4b7f74bdefc,https://exoplanets.nasa.gov//exoplanet-catalog/7329/epic-220674823-c/
epic-228836835-b,EPIC 228836835 b is a super Earth exoplanet that orbits an M-type star. Its mass is 1.37 Earths and it takes 0.7 days to complete one orbit of its star. Its discovery was announced in 2021.,2021,Transit,1.37 Earths,1.1 x Earth,Super Earth,Unknown,0.0,0.7 days,exoplanet_details/epic-228836835-b/,f952cb7e-891d-4675-bb65-8a0447a368ac,https://exoplanets.nasa.gov//exoplanet-catalog/8013/epic-228836835-b/
epic-246851721-b,"EPIC 246851721 b is a gas giant exoplanet that orbits an F-type star. Its mass is 3 Jupiters, it takes 6.2 days to complete one orbit of its star, and is 0.07229 AU from its star. Its discovery was announced in 2018.",2018,Transit,3 Jupiters,1.051 x Jupiter,Gas Giant,0.07229 AU,0.0,6.2 days,exoplanet_details/epic-246851721-b/,583401bd-7d26-44a3-bc6c-ab425bdf675e,https://exoplanets.nasa.gov//exoplanet-catalog/7256/epic-246851721-b/
epic-248847494-b,"EPIC 248847494 b is a gas giant exoplanet that orbits a K-type star. Its mass is 13 Jupiters, it takes 10 years to complete one orbit of its star, and is 4.5 AU from its star. Its discovery was announced in 2018.",2018,Transit,13 Jupiters,1.11 x Jupiter,Gas Giant,4.5 AU,0.0,10 years,exoplanet_details/epic-248847494-b/,25b50d66-342d-42aa-acd1-095fbe42e8ca,https://exoplanets.nasa.gov//exoplanet-catalog/7435/epic-248847494-b/
epic-249893012-b,"EPIC 249893012 b is a super Earth exoplanet that orbits a G-type star. Its mass is 8.75 Earths, it takes 3.6 days to complete one orbit of its star, and is 0.047 AU from its star. Its discovery was announced in 2020.",2020,Transit,8.75 Earths,1.95 x Earth,Super Earth,0.047 AU,0.06,3.6 days,exoplanet_details/epic-249893012-b/,7ceb7aa2-91b0-4db8-9d59-850df71efca8,https://exoplanets.nasa.gov//exoplanet-catalog/7588/epic-249893012-b/
